"smoker_int_ob","cost","count","count_perc","cost_perc"
"0",4004468.819209,502,0.375186846038864,0.225529865342394
"1",2755854.99506,129,0.0964125560538117,0.155208501801199
"2",4969592.64971,562,0.420029895366218,0.279885201183072
"3",6025908.52678,145,0.108370702541106,0.339376431673334
